STN,YYYYMMDD,RD,SX
919,20140628,7,0
919,20140629,28,0
919,20140630,8,0
919,20140701,3,0
919,20140702,0,0
919,20140703,0,0
919,20140704,0,0
919,20140705,6,0
919,20140706,22,0
919,20140707,55,0
919,20140708,103,0
919,20140709,251,0
919,20140710,160,0
919,20140711,125,0
919,20140712,4,0
919,20140713,0,0
919,20140714,161,0
919,20140715,0,0
919,20140716,0,0
919,20140717,0,0
919,20140718,0,0
919,20140719,0,0
919,20140720,0,0
919,20140721,0,0
919,20140722,131,0
919,20140723,0,0
919,20140724,0,0
919,20140725,0,0
919,20140726,0,0
919,20140727,0,0
919,20140728,27,0
919,20140729,46,0
919,20140730,0,0
919,20140731,0,0
919,20140801,0,0
919,20140802,0,0
919,20140803,5,0
919,20140804,17,0
919,20140805,0,0
919,20140806,0,0
919,20140807,29,0
919,20140808,0,0
919,20140809,303,0
919,20140810,2,0
919,20140811,100,0
919,20140812,29,0
919,20140813,138,0
919,20140814,4,0
919,20140815,129,0
919,20140816,103,0
919,20140817,7,0
919,20140818,44,0
919,20140819,104,0
919,20140820,6,0
919,20140821,28,0
919,20140822,2,0
919,20140823,6,0
919,20140824,20,0
919,20140825,11,0
919,20140826,225,0
919,20140827,73,0
919,20140828,0,0
919,20140829,65,0
919,20140830,4,0
919,20140831,37,0
919,20140901,23,0
919,20140902,1,0
919,20140903,0,0
919,20140904,0,0
919,20140905,0,0
919,20140906,0,0
919,20140907,0,0
919,20140908,0,0
919,20140909,0,0
919,20140910,0,0
919,20140911,0,0
919,20140912,0,0
919,20140913,0,0
919,20140914,0,0
919,20140915,0,0
919,20140916,0,0
919,20140917,0,0
919,20140918,0,0
919,20140919,20,0
919,20140920,146,0
919,20140921,17,0
919,20140922,0,0
919,20140923,0,0
919,20140924,0,0
919,20140925,210,0
919,20140926,0,0
919,20140927,34,0
919,20140928,0,0
919,20140929,0,0
919,20140930,17,0
919,20141001,2,0
919,20141002,0,0
919,20141003,0,0
919,20141004,0,0
919,20141005,25,0
919,20141006,2,0
919,20141007,32,0
919,20141008,23,0
919,20141009,45,0
919,20141010,0,0
919,20141011,0,0
919,20141012,54,0
919,20141013,63,0
919,20141014,0,0
919,20141015,14,0
919,20141016,56,0
919,20141017,60,0
919,20141018,2,0
919,20141019,0,0
919,20141020,5,0
919,20141021,3,0
919,20141022,208,0
919,20141023,6,0
919,20141024,3,0
919,20141025,53,0
919,20141026,5,0
919,20141027,0,0
919,20141028,0,0
919,20141029,2,0
919,20141030,9,0
919,20141031,0,0
919,20141101,0,0
919,20141102,0,0
919,20141103,128,0
919,20141104,61,0
919,20141105,2,0
919,20141106,3,0
919,20141107,5,0
919,20141108,3,0
919,20141109,0,0
919,20141110,31,0
919,20141111,1,0
919,20141112,3,0
919,20141113,5,0
919,20141114,0,0
919,20141115,81,0
919,20141116,36,0
919,20141117,29,0
919,20141118,2,0
919,20141119,0,0
919,20141120,0,0
919,20141121,0,0
919,20141122,0,0
919,20141123,0,0
919,20141124,9,0
919,20141125,0,0
919,20141126,0,0
919,20141127,2,0
919,20141128,23,0
919,20141129,0,0
919,20141130,0,0
919,20141201,2,0
919,20141202,1,0
919,20141203,0,0
919,20141204,0,0
919,20141205,0,0
919,20141206,24,0
919,20141207,1,0
919,20141208,42,0
919,20141209,28,0
919,20141210,36,0
919,20141211,2,0
919,20141212,62,0
919,20141213,72,0
919,20141214,2,0
919,20141215,18,0
919,20141216,16,0
919,20141217,23,0
919,20141218,25,0
919,20141219,60,0
919,20141220,57,0
919,20141221,6,0
919,20141222,9,0
919,20141223,1,0
919,20141224,2,0
919,20141225,22,0
919,20141226,45,0
919,20141227,243,8
919,20141228,87,9
919,20141229,40,7
919,20141230,2,5
919,20141231,0,2
919,20150101,0,998
919,20150102,28,0
919,20150103,4,0
919,20150104,56,0
919,20150105,0,0
919,20150106,0,0
919,20150107,9,0
919,20150108,46,0
919,20150109,201,0
919,20150110,119,0
919,20150111,30,0
919,20150112,2,0
919,20150113,1,0
919,20150114,117,0
919,20150115,55,0
919,20150116,9,0
919,20150117,9,0
919,20150118,14,0
919,20150119,40,0
919,20150120,6,0
919,20150121,0,0
919,20150122,0,0
919,20150123,0,0
919,20150124,81,2
919,20150125,3,998
919,20150126,16,0
919,20150127,10,0
919,20150128,1,0
919,20150129,63,0
919,20150130,49,3
919,20150131,3,0
919,20150201,38,0
919,20150202,27,998
919,20150203,36,0
919,20150204,1,0
919,20150205,25,1
919,20150206,1,0
919,20150207,0,0
919,20150208,2,0
919,20150209,0,0
919,20150210,4,0
919,20150211,2,0
919,20150212,0,0
919,20150213,0,0
919,20150214,2,0
919,20150215,0,0
919,20150216,0,0
919,20150217,0,0
919,20150218,6,0
919,20150219,0,0
919,20150220,17,0
919,20150221,105,0
919,20150222,17,0
919,20150223,98,0
919,20150224,11,0
919,20150225,33,0
919,20150226,19,0
919,20150227,67,0
919,20150228,2,0
919,20150301,6,0
919,20150302,17,0
919,20150303,23,0
919,20150304,39,0
919,20150305,3,0
919,20150306,0,0
919,20150307,0,0
919,20150308,0,0
919,20150309,0,0
919,20150310,2,0
919,20150311,1,0
919,20150312,0,0
919,20150313,0,0
919,20150314,0,0
919,20150315,3,0
919,20150316,1,0
919,20150317,0,0
919,20150318,0,0
919,20150319,0,0
919,20150320,0,0
919,20150321,3,0
919,20150322,6,0
919,20150323,0,0
919,20150324,0,0
919,20150325,116,0
919,20150326,23,0
919,20150327,24,0
919,20150328,0,0
919,20150329,47,0
919,20150330,163,0
919,20150331,207,0
919,20150401,5,0
919,20150402,60,0
919,20150403,2,0
919,20150404,31,0
919,20150405,0,0
919,20150406,0,0
919,20150407,0,0
919,20150408,0,0
919,20150409,0,0
919,20150410,0,0
919,20150411,0,0
919,20150412,9,0
919,20150413,2,0
919,20150414,0,0
919,20150415,0,0
919,20150416,0,0
919,20150417,0,0
919,20150418,0,0
919,20150419,0,0
919,20150420,0,0
919,20150421,0,0
919,20150422,0,0
919,20150423,0,0
919,20150424,0,0
919,20150425,16,0
919,20150426,7,0
919,20150427,28,0
919,20150428,0,0
919,20150429,10,0
919,20150430,30,0
919,20150501,0,0
919,20150502,0,0
919,20150503,0,0
919,20150504,29,0
919,20150505,122,0
919,20150506,49,0
919,20150507,14,0
919,20150508,12,0
919,20150509,9,0
919,20150510,9,0
919,20150511,0,0
919,20150512,0,0
919,20150513,0,0
919,20150514,0,0
919,20150515,6,0
919,20150516,1,0
919,20150517,9,0
919,20150518,0,0
919,20150519,12,0
919,20150520,32,0
919,20150521,5,0
919,20150522,0,0
919,20150523,0,0
919,20150524,0,0
919,20150525,24,0
919,20150526,0,0
919,20150527,0,0
919,20150528,0,0
919,20150529,6,0
919,20150530,22,0
919,20150531,35,0
919,20150601,68,0
919,20150602,7,0
919,20150603,28,0
919,20150604,0,0
919,20150605,0,0
919,20150606,88,0
919,20150607,0,0
919,20150608,0,0
919,20150609,0,0
919,20150610,0,0
919,20150611,0,0
919,20150612,0,0
919,20150613,104,0
919,20150614,13,0
919,20150615,0,0
919,20150616,0,0
919,20150617,0,0
919,20150618,46,0
919,20150619,17,0
919,20150620,4,0
919,20150621,0,0
919,20150622,48,0
919,20150623,12,0
919,20150624,1,0
919,20150625,0,0
919,20150626,0,0
919,20150627,3,0
919,20150628,0,0
919,20150629,0,0
919,20150630,0,0
919,20150701,0,0
919,20150702,0,0
919,20150703,108,0
919,20150704,0,0
919,20150705,0,0
919,20150706,20,0
919,20150707,0,0
919,20150708,0,0
919,20150709,73,0
919,20150710,0,0
919,20150711,0,0
919,20150712,5,0
919,20150713,6,0
919,20150714,43,0
919,20150715,66,0
919,20150716,6,0
919,20150717,2,0
919,20150718,10,0
919,20150719,41,0
919,20150720,15,0
919,20150721,23,0
919,20150722,2,0
919,20150723,0,0
919,20150724,0,0
919,20150725,20,0
919,20150726,43,0
919,20150727,45,0
919,20150728,42,0
919,20150729,0,0
919,20150730,55,0
919,20150731,77,0
919,20150801,0,0
919,20150802,0,0
919,20150803,0,0
919,20150804,11,0
919,20150805,6,0
919,20150806,0,0
919,20150807,0,0
919,20150808,0,0
919,20150809,0,0
919,20150810,3,0
919,20150811,0,0
919,20150812,0,0
919,20150813,0,0
919,20150814,101,0
919,20150815,7,0
919,20150816,418,0
919,20150817,56,0
919,20150818,114,0
919,20150819,0,0
919,20150820,0,0
919,20150821,0,0
919,20150822,0,0
919,20150823,0,0
919,20150824,173,0
919,20150825,96,0
919,20150826,18,0
919,20150827,23,0
919,20150828,73,0
919,20150829,0,0
919,20150830,14,0
919,20150831,0,0
919,20150901,23,0
919,20150902,6,0
919,20150903,17,0
919,20150904,27,0
919,20150905,122,0
919,20150906,17,0
919,20150907,15,0
919,20150908,2,0
919,20150909,0,0
919,20150910,0,0
919,20150911,0,0
919,20150912,0,0
919,20150913,73,0
919,20150914,66,0
919,20150915,22,0
919,20150916,21,0
919,20150917,72,0
919,20150918,88,0
919,20150919,12,0
919,20150920,1,0
919,20150921,0,0
919,20150922,30,0
919,20150923,231,0
919,20150924,30,0
919,20150925,9,0
919,20150926,0,0
919,20150927,0,0
919,20150928,0,0
919,20150929,0,0
919,20150930,0,0
919,20151001,0,0
919,20151002,0,0
919,20151003,0,0
919,20151004,0,0
919,20151005,0,0
919,20151006,100,0
919,20151007,3,0
919,20151008,15,0
919,20151009,0,0
919,20151010,0,0
919,20151011,0,0
919,20151012,0,0
919,20151013,0,0
919,20151014,0,0
919,20151015,62,0
919,20151016,78,0
919,20151017,70,0
919,20151018,0,0
919,20151019,2,0
919,20151020,0,0
919,20151021,3,0
919,20151022,23,0
919,20151023,11,0
919,20151024,0,0
919,20151025,17,0
919,20151026,0,0
919,20151027,0,0
919,20151028,3,0
919,20151029,2,0
919,20151030,0,0
919,20151031,0,0
919,20151101,0,0
919,20151102,0,0
919,20151103,0,0
919,20151104,0,0
919,20151105,0,0
919,20151106,37,0
919,20151107,6,0
919,20151108,2,0
919,20151109,28,0
919,20151110,0,0
919,20151111,6,0
919,20151112,0,0
919,20151113,0,0
919,20151114,51,0
919,20151115,112,0
919,20151116,17,0
919,20151117,98,0
919,20151118,17,0
919,20151119,6,0
919,20151120,74,0
919,20151121,22,0
919,20151122,32,0
919,20151123,3,0
919,20151124,0,0
919,20151125,98,0
919,20151126,11,0
919,20151127,1,0
919,20151128,23,0
919,20151129,51,0
919,20151130,61,0
919,20151201,206,0
919,20151202,10,0
919,20151203,0,0
919,20151204,49,0
919,20151205,0,0
919,20151206,0,0
919,20151207,0,0
919,20151208,0,0
919,20151209,23,0
919,20151210,1,0
919,20151211,60,0
919,20151212,40,0
919,20151213,51,0
919,20151214,11,0
919,20151215,3,0
919,20151216,43,0
919,20151217,30,0
919,20151218,4,0
919,20151219,0,0
919,20151220,0,0
919,20151221,8,0
919,20151222,41,0
919,20151223,2,0
919,20151224,0,0
919,20151225,51,0
919,20151226,6,0
919,20151227,0,0
919,20151228,0,0
919,20151229,0,0
919,20151230,0,0
919,20151231,18,0
919,20160101,0,0
919,20160102,29,0
919,20160103,54,0
919,20160104,125,0
919,20160105,3,0
919,20160106,12,0
919,20160107,5,0
919,20160108,85,0
919,20160109,2,0
919,20160110,9,0
919,20160111,3,0
919,20160112,42,0
919,20160113,68,0
919,20160114,18,0
919,20160115,62,0
919,20160116,16,0
919,20160117,8,998
919,20160118,0,0
919,20160119,0,0
919,20160120,0,0
919,20160121,4,0
919,20160122,0,0
919,20160123,64,0
919,20160124,16,0
919,20160125,5,0
919,20160126,0,0
919,20160127,33,0
919,20160128,77,0
919,20160129,0,0
919,20160130,141,0
919,20160131,107,0
919,20160201,52,0
919,20160202,12,0
919,20160203,44,0
919,20160204,17,0
919,20160205,49,0
919,20160206,6,0
919,20160207,12,0
919,20160208,59,0
919,20160209,58,0
919,20160210,211,0
919,20160211,26,0
919,20160212,1,0
919,20160213,0,0
919,20160214,41,0
919,20160215,92,0
919,20160216,0,0
919,20160217,1,0
919,20160218,0,0
919,20160219,17,0
919,20160220,27,0
919,20160221,112,0
919,20160222,49,0
919,20160223,147,0
919,20160224,28,0
919,20160225,2,0
919,20160226,2,0
919,20160227,0,0
919,20160228,0,0
919,20160229,0,0
919,20160301,0,0
919,20160302,99,0
919,20160303,86,0
919,20160304,28,0
919,20160305,131,0
919,20160306,34,0
919,20160307,16,0
919,20160308,2,0
919,20160309,4,0
919,20160310,0,0
919,20160311,0,0
919,20160312,0,0
919,20160313,0,0
919,20160314,0,0
919,20160315,0,0
919,20160316,0,0
919,20160317,0,0
919,20160318,0,0
919,20160319,0,0
919,20160320,0,0
919,20160321,7,0
919,20160322,3,0
919,20160323,2,0
919,20160324,1,0
919,20160325,51,0
919,20160326,23,0
919,20160327,69,0
919,20160328,14,0
919,20160329,18,0
919,20160330,11,0
919,20160331,11,0
919,20160401,0,0
919,20160402,0,0
919,20160403,4,0
919,20160404,3,0
919,20160405,16,0
919,20160406,16,0
919,20160407,11,0
919,20160408,61,0
919,20160409,18,0
919,20160410,11,0
919,20160411,0,0
919,20160412,46,0
919,20160413,21,0
919,20160414,0,0
919,20160415,70,0
919,20160416,68,0
919,20160417,3,0
919,20160418,15,0
919,20160419,0,0
919,20160420,0,0
919,20160421,0,0
919,20160422,0,0
919,20160423,2,0
919,20160424,23,0
919,20160425,25,0
919,20160426,63,0
919,20160427,102,0
919,20160428,21,0
919,20160429,42,0
919,20160430,21,0
919,20160501,0,0
919,20160502,0,0
919,20160503,23,0
919,20160504,0,0
919,20160505,0,0
919,20160506,0,0
919,20160507,0,0
919,20160508,0,0
919,20160509,0,0
919,20160510,2,0
919,20160511,0,0
919,20160512,0,0
919,20160513,0,0
919,20160514,0,0
919,20160515,0,0
919,20160516,3,0
919,20160517,0,0
919,20160518,0,0
919,20160519,68,0
919,20160520,3,0
919,20160521,6,0
919,20160522,6,0
919,20160523,171,0
919,20160524,75,0
919,20160525,1,0
919,20160526,0,0
919,20160527,0,0
919,20160528,0,0
919,20160529,0,0
919,20160530,80,0
919,20160531,190,0
919,20160601,1,0
919,20160602,308,0
919,20160603,6,0
919,20160604,1,0
919,20160605,110,0
919,20160606,0,0
919,20160607,0,0
919,20160608,0,0
919,20160609,0,0
919,20160610,0,0
919,20160611,0,0
919,20160612,6,0
919,20160613,277,0
919,20160614,413,0
919,20160615,26,0
919,20160616,128,0
919,20160617,13,0
919,20160618,23,0
919,20160619,42,0
919,20160620,0,0
919,20160621,143,0
919,20160622,88,0
919,20160623,0,0
919,20160624,313,0
919,20160625,0,0
919,20160626,50,0
919,20160627,90,0
919,20160628,13,0
919,20160629,111,0
919,20160630,14,0
919,20160701,43,0
919,20160702,113,0
919,20160703,26,0
919,20160704,0,0
919,20160705,0,0
919,20160706,0,0
919,20160707,0,0
919,20160708,0,0
919,20160709,0,0
919,20160710,0,0
919,20160711,0,0
919,20160712,0,0
919,20160713,0,0
919,20160714,19,0
919,20160715,0,0
919,20160716,0,0
919,20160717,0,0
919,20160718,32,0
919,20160719,0,0
919,20160720,0,0
919,20160721,0,0
919,20160722,90,0
919,20160723,4,0
919,20160724,0,0
919,20160725,0,0
919,20160726,0,0
919,20160727,0,0
919,20160728,8,0
919,20160729,77,0
919,20160730,0,0
919,20160731,27,0
919,20160801,23,0
919,20160802,98,0
919,20160803,96,0
919,20160804,160,0
919,20160805,0,0
919,20160806,10,0
919,20160807,0,0
919,20160808,0,0
919,20160809,9,0
919,20160810,65,0
919,20160811,3,0
919,20160812,37,0
919,20160813,0,0
919,20160814,0,0
919,20160815,0,0
919,20160816,0,0
919,20160817,0,0
919,20160818,0,0
919,20160819,0,0
919,20160820,16,0
919,20160821,6,0
919,20160822,29,0
919,20160823,3,0
919,20160824,0,0
919,20160825,0,0
919,20160826,0,0
919,20160827,0,0
919,20160828,0,0
919,20160829,22,0
919,20160830,0,0
919,20160831,0,0
919,20160901,0,0
919,20160902,0,0
919,20160903,13,0
919,20160904,23,0
919,20160905,15,0
919,20160906,0,0
919,20160907,0,0
919,20160908,0,0
919,20160909,0,0
919,20160910,0,0
919,20160911,0,0
919,20160912,0,0
919,20160913,0,0
919,20160914,0,0
919,20160915,0,0
919,20160916,72,0
919,20160917,0,0
919,20160918,0,0
919,20160919,0,0
919,20160920,0,0
919,20160921,0,0
919,20160922,0,0
919,20160923,0,0
919,20160924,0,0
919,20160925,0,0
919,20160926,13,0
919,20160927,0,0
919,20160928,0,0
919,20160929,0,0
919,20160930,14,0
919,20161001,7,0
919,20161002,54,0
919,20161003,62,0
919,20161004,2,0
919,20161005,0,0
919,20161006,0,0
919,20161007,0,0
919,20161008,0,0
919,20161009,0,0
919,20161010,5,0
919,20161011,0,0
919,20161012,17,0
919,20161013,0,0
919,20161014,0,0
919,20161015,103,0
919,20161016,1,0
919,20161017,2,0
919,20161018,0,0
919,20161019,100,0
919,20161020,41,0
919,20161021,15,0
919,20161022,6,0
919,20161023,0,0
919,20161024,0,0
919,20161025,4,0
919,20161026,0,0
919,20161027,0,0
919,20161028,0,0
919,20161029,0,0
919,20161030,0,0
919,20161031,0,0
919,20161101,0,0
919,20161102,21,0
919,20161103,28,0
919,20161104,2,0
919,20161105,12,0
919,20161106,16,0
919,20161107,13,0
919,20161108,13,0
919,20161109,6,0
919,20161110,106,0
919,20161111,130,0
919,20161112,0,0
919,20161113,13,0
919,20161114,23,0
919,20161115,37,0
919,20161116,103,0
919,20161117,116,0
919,20161118,141,0
919,20161119,43,0
919,20161120,14,0
919,20161121,50,0
919,20161122,30,0
919,20161123,0,0
919,20161124,0,0
919,20161125,0,0
919,20161126,0,0
919,20161127,0,0
919,20161128,0,0
919,20161129,0,0
919,20161130,0,0
919,20161201,0,0
919,20161202,2,0
919,20161203,13,0
919,20161204,0,0
919,20161205,0,0
919,20161206,0,0
919,20161207,0,0
919,20161208,0,0
919,20161209,0,0
919,20161210,0,0
919,20161211,40,0
919,20161212,0,0
919,20161213,10,0
919,20161214,5,0
919,20161215,1,0
919,20161216,0,0
919,20161217,2,0
919,20161218,0,0
919,20161219,0,0
919,20161220,0,0
919,20161221,0,0
919,20161222,137,0
919,20161223,1,0
919,20161224,14,0
919,20161225,10,0
919,20161226,41,0
919,20161227,10,0
919,20161228,0,0
919,20161229,0,0
919,20161230,0,0
919,20161231,0,0
919,20170101,0,0
919,20170102,50,0
919,20170103,2,0
919,20170104,26,0
919,20170105,12,0
919,20170106,0,0
919,20170107,31,1
919,20170108,10,998
919,20170109,0,0
919,20170110,56,0
919,20170111,7,0
919,20170112,13,0
919,20170113,290,0
919,20170114,71,998
919,20170115,28,997
919,20170116,1,0
919,20170117,2,0
919,20170118,0,0
919,20170119,0,0
919,20170120,0,0
919,20170121,0,0
919,20170122,0,0
919,20170123,0,0
919,20170124,0,0
919,20170125,0,0
919,20170126,0,0
919,20170127,0,0
919,20170128,0,0
919,20170129,11,0
919,20170130,73,0
919,20170131,7,0
919,20170201,0,0
919,20170202,5,0
919,20170203,0,0
919,20170204,0,0
919,20170205,65,0
919,20170206,1,0
919,20170207,1,0
919,20170208,39,0
919,20170209,2,0
919,20170210,0,0
919,20170211,14,2
919,20170212,33,0
919,20170213,0,0
919,20170214,0,0
919,20170215,0,0
919,20170216,0,0
919,20170217,11,0
919,20170218,1,0
919,20170219,0,0
919,20170220,0,0
919,20170221,54,0
919,20170222,43,0
919,20170223,312,0
919,20170224,49,0
919,20170225,3,0
919,20170226,4,0
919,20170227,0,0
919,20170228,89,0
919,20170301,119,0
919,20170302,20,0
919,20170303,0,0
919,20170304,0,0
919,20170305,63,0
919,20170306,100,0
919,20170307,17,0
919,20170308,46,0
919,20170309,134,0
919,20170310,4,0
919,20170311,0,0
919,20170312,0,0
919,20170313,0,0
919,20170314,0,0
919,20170315,0,0
919,20170316,0,0
919,20170317,0,0
919,20170318,113,0
919,20170319,102,0
919,20170320,23,0
919,20170321,21,0
919,20170322,0,0
919,20170323,0,0
919,20170324,0,0
919,20170325,0,0
919,20170326,0,0
919,20170327,0,0
919,20170328,0,0
919,20170329,0,0
919,20170330,0,0
919,20170331,0,0
919,20170401,2,0
919,20170402,59,0
919,20170403,0,0
919,20170404,0,0
919,20170405,0,0
919,20170406,0,0
919,20170407,0,0
919,20170408,0,0
919,20170409,0,0
919,20170410,0,0
919,20170411,0,0
919,20170412,0,0
919,20170413,16,0
919,20170414,0,0
919,20170415,16,0
919,20170416,14,0
919,20170417,76,0
919,20170418,0,0
919,20170419,0,0
919,20170420,0,0
919,20170421,0,0
919,20170422,17,0
919,20170423,0,0
919,20170424,0,0
919,20170425,11,0
919,20170426,4,0
919,20170427,3,0
919,20170428,6,0
919,20170429,0,0
919,20170430,0,0
919,20170501,3,0
919,20170502,2,0
919,20170503,67,0
919,20170504,51,0
919,20170505,0,0
919,20170506,0,0
919,20170507,0,0
919,20170508,0,0
919,20170509,0,0
919,20170510,0,0
919,20170511,0,0
919,20170512,87,0
919,20170513,31,0
919,20170514,30,0
919,20170515,2,0
919,20170516,0,0
919,20170517,0,0
919,20170518,30,0
919,20170519,23,0
919,20170520,45,0
919,20170521,0,0
919,20170522,0,0
919,20170523,0,0
919,20170524,0,0
919,20170525,0,0
919,20170526,0,0
919,20170527,0,0
919,20170528,8,0
919,20170529,0,0
919,20170530,2,0
919,20170531,0,0
919,20170601,0,0
919,20170602,0,0
919,20170603,0,0
919,20170604,45,0
919,20170605,0,0
919,20170606,24,0
919,20170607,18,0
919,20170608,4,0
919,20170609,68,0
919,20170610,38,0
919,20170611,0,0
919,20170612,0,0
919,20170613,0,0
919,20170614,0,0
919,20170615,0,0
919,20170616,0,0
919,20170617,0,0
919,20170618,0,0
919,20170619,0,0
919,20170620,0,0
919,20170621,0,0
919,20170622,0,0
919,20170623,2,0
919,20170624,0,0
919,20170625,14,0
919,20170626,0,0
919,20170627,0,0
919,20170628,20,0
919,20170629,96,0
919,20170630,1,0
919,20170701,157,0
919,20170702,5,0
919,20170703,3,0
919,20170704,0,0
919,20170705,0,0
919,20170706,0,0
919,20170707,63,0
919,20170708,0,0
919,20170709,0,0
919,20170710,0,0
919,20170711,0,0
919,20170712,228,0
919,20170713,172,0
919,20170714,0,0
919,20170715,37,0
919,20170716,2,0
919,20170717,57,0
919,20170718,0,0
919,20170719,0,0
919,20170720,89,0
919,20170721,0,0
919,20170722,0,0
919,20170723,78,0
919,20170724,186,0
919,20170725,85,0
919,20170726,75,0
919,20170727,2,0
919,20170728,2,0
919,20170729,15,0
919,20170730,0,0
919,20170731,9,0
919,20170801,0,0
919,20170802,0,0
919,20170803,12,0
919,20170804,1,0
919,20170805,2,0
919,20170806,69,0
919,20170807,0,0
919,20170808,0,0
919,20170809,41,0
919,20170810,0,0
919,20170811,15,0
919,20170812,12,0
919,20170813,11,0
919,20170814,1,0
919,20170815,0,0
919,20170816,47,0
919,20170817,2,0
919,20170818,8,0
919,20170819,35,0
919,20170820,25,0
919,20170821,0,0
919,20170822,0,0
919,20170823,0,0
919,20170824,0,0
919,20170825,0,0
919,20170826,0,0
919,20170827,0,0
919,20170828,0,0
919,20170829,0,0
919,20170830,65,0
919,20170831,115,0
919,20170901,6,0
919,20170902,0,0
919,20170903,0,0
919,20170904,0,0
919,20170905,0,0
919,20170906,47,0
919,20170907,1,0
919,20170908,3,0
919,20170909,67,0
919,20170910,10,0
919,20170911,17,0
919,20170912,78,0
919,20170913,57,0
919,20170914,45,0
919,20170915,209,0
919,20170916,1,0
919,20170917,0,0
919,20170918,0,0
919,20170919,112,0
919,20170920,0,0
919,20170921,0,0
919,20170922,0,0
919,20170923,0,0
919,20170924,0,0
919,20170925,0,0
919,20170926,0,0
919,20170927,0,0
919,20170928,29,0
919,20170929,2,0
919,20170930,80,0
919,20171001,16,0
919,20171002,5,0
919,20171003,30,0
919,20171004,1,0
919,20171005,50,0
919,20171006,35,0
919,20171007,20,0
919,20171008,122,0
919,20171009,10,0
919,20171010,1,0
919,20171011,1,0
919,20171012,2,0
919,20171013,0,0
919,20171014,0,0
919,20171015,0,0
919,20171016,1,0
919,20171017,0,0
919,20171018,0,0
919,20171019,0,0
919,20171020,15,0
919,20171021,10,0
919,20171022,43,0
919,20171023,13,0
919,20171024,7,0
919,20171025,2,0
919,20171026,2,0
919,20171027,5,0
919,20171028,0,0
919,20171029,105,0
919,20171030,1,0
919,20171031,0,0
919,20171101,0,0
919,20171102,0,0
919,20171103,3,0
919,20171104,0,0
919,20171105,66,0
919,20171106,6,0
919,20171107,0,0
919,20171108,1,0
919,20171109,0,0
919,20171110,3,0
919,20171111,8,0
919,20171112,25,0
919,20171113,52,0
919,20171114,1,0
919,20171115,5,0
919,20171116,4,0
919,20171117,10,0
919,20171118,1,0
919,20171119,23,0
919,20171120,30,0
919,20171121,121,0
919,20171122,16,0
919,20171123,1,0
919,20171124,87,0
919,20171125,38,0
919,20171126,26,0
919,20171127,24,0
919,20171128,128,0
919,20171129,3,0
919,20171130,4,0
919,20171201,6,0
919,20171202,0,0
919,20171203,9,0
919,20171204,30,0
919,20171205,2,0
919,20171206,0,0
919,20171207,0,0
919,20171208,93,0
919,20171209,45,0
919,20171210,6,0
919,20171211,124,5
919,20171212,166,4
919,20171213,11,998
919,20171214,126,0
919,20171215,1,0
919,20171216,0,0
919,20171217,58,0
919,20171218,52,0
919,20171219,1,0
919,20171220,1,0
919,20171221,9,0
919,20171222,28,0
919,20171223,5,0
919,20171224,0,0
919,20171225,0,0
919,20171226,11,0
919,20171227,32,0
919,20171228,24,0
919,20171229,2,0
919,20171230,80,0
919,20171231,66,0
919,20180101,89,0
919,20180102,85,0
919,20180103,126,0
919,20180104,30,0
919,20180105,26,0
919,20180106,22,0
919,20180107,7,0
919,20180108,0,0
919,20180109,0,0
919,20180110,11,0
919,20180111,14,0
919,20180112,0,0
919,20180113,0,0
919,20180114,0,0
919,20180115,0,0
919,20180116,126,0
919,20180117,106,0
919,20180118,79,0
919,20180119,48,0
919,20180120,49,0
919,20180121,28,0
919,20180122,35,0
919,20180123,2,0
919,20180124,3,0
919,20180125,15,0
919,20180126,5,0
919,20180127,0,0
919,20180128,9,0
919,20180129,0,0
919,20180130,41,0
919,20180131,50,0
919,20180201,215,0
919,20180202,65,0
919,20180203,25,0
919,20180204,5,0
919,20180205,2,0
919,20180206,0,0
919,20180207,0,0
919,20180208,0,0
919,20180209,0,0
919,20180210,5,0
919,20180211,50,0
919,20180212,20,0
919,20180213,0,0
919,20180214,0,0
919,20180215,60,0
919,20180216,1,0
919,20180217,0,0
919,20180218,0,0
919,20180219,0,0
919,20180220,5,0
919,20180221,0,0
919,20180222,0,0
919,20180223,0,0
919,20180224,0,0
919,20180225,0,0
919,20180226,0,0
919,20180227,0,0
919,20180228,0,0
919,20180301,0,0
919,20180302,0,0
919,20180303,30,3
919,20180304,2,998
919,20180305,22,0
919,20180306,0,0
919,20180307,6,0
919,20180308,31,0
919,20180309,42,0
919,20180310,60,0
919,20180311,30,0
919,20180312,0,0
919,20180313,83,0
919,20180314,33,0
919,20180315,1,0
919,20180316,90,0
919,20180317,28,2
919,20180318,0,0
919,20180319,0,0
919,20180320,0,0
919,20180321,0,0
919,20180322,39,0
919,20180323,7,0
919,20180324,1,0
919,20180325,0,0
919,20180326,0,0
919,20180327,0,0
919,20180328,36,0
919,20180329,83,0
919,20180330,20,0
919,20180331,39,0
919,20180401,83,0
919,20180402,3,0
919,20180403,6,0
919,20180404,8,0
919,20180405,142,0
919,20180406,4,0
919,20180407,0,0
919,20180408,0,0
919,20180409,0,0
919,20180410,0,0
919,20180411,172,0
919,20180412,2,0
919,20180413,1,0
919,20180414,0,0
919,20180415,46,0
919,20180416,0,0
919,20180417,0,0
919,20180418,0,0
919,20180419,0,0
919,20180420,0,0
919,20180421,0,0
919,20180422,0,0
919,20180423,9,0
919,20180424,0,0
919,20180425,16,0
919,20180426,2,0
919,20180427,0,0
919,20180428,1,0
919,20180429,20,0
919,20180430,380,0
919,20180501,109,0
919,20180502,0,0
919,20180503,0,0
919,20180504,0,0
919,20180505,0,0
919,20180506,0,0
919,20180507,0,0
919,20180508,0,0
919,20180509,0,0
919,20180510,25,0
919,20180511,0,0
919,20180512,0,0
919,20180513,3,0
919,20180514,10,0
919,20180515,0,0
919,20180516,0,0
919,20180517,3,0
919,20180518,0,0
919,20180519,0,0
919,20180520,0,0
919,20180521,0,0
919,20180522,2,0
919,20180523,288,0
919,20180524,9,0
919,20180525,7,0
919,20180526,0,0
919,20180527,0,0
919,20180528,264,0
919,20180529,0,0
919,20180530,21,0
919,20180531,82,0
919,20180601,36,0
919,20180602,40,0
919,20180603,0,0
919,20180604,0,0
919,20180605,0,0
919,20180606,0,0
919,20180607,0,0
919,20180608,20,0
919,20180609,3,0
919,20180610,0,0
919,20180611,0,0
919,20180612,0,0
919,20180613,0,0
919,20180614,0,0
919,20180615,8,0
919,20180616,0,0
919,20180617,0,0
919,20180618,0,0
919,20180619,0,0
919,20180620,0,0
919,20180621,0,0
919,20180622,0,0
919,20180623,0,0
919,20180624,0,0
919,20180625,0,0
919,20180626,0,0
919,20180627,0,0
919,20180628,0,0
919,20180629,0,0
919,20180630,0,0
919,20180701,0,0
919,20180702,0,0
919,20180703,0,0
919,20180704,0,0
919,20180705,0,0
919,20180706,0,0
919,20180707,0,0
919,20180708,0,0
919,20180709,0,0
919,20180710,0,0
919,20180711,0,0
919,20180712,0,0
919,20180713,0,0
919,20180714,0,0
919,20180715,0,0
919,20180716,0,0
919,20180717,0,0
919,20180718,0,0
919,20180719,0,0
919,20180720,0,0
919,20180721,0,0
919,20180722,0,0
919,20180723,0,0
919,20180724,0,0
919,20180725,1,0
919,20180726,0,0
919,20180727,2,0
919,20180728,5,0
919,20180729,0,0
919,20180730,0,0
919,20180731,0,0
919,20180801,0,0
919,20180802,0,0
919,20180803,0,0
919,20180804,0,0
919,20180805,0,0
919,20180806,0,0
919,20180807,0,0
919,20180808,50,0
919,20180809,0,0
919,20180810,119,0
919,20180811,39,0
919,20180812,0,0
919,20180813,15,0
919,20180814,180,0
919,20180815,0,0
919,20180816,0,0
919,20180817,126,0
919,20180818,0,0
919,20180819,0,0
919,20180820,0,0
919,20180821,0,0
919,20180822,0,0
919,20180823,0,0
919,20180824,25,0
919,20180825,32,0
919,20180826,25,0
919,20180827,15,0
919,20180828,0,0
919,20180829,0,0
919,20180830,96,0
919,20180831,0,0
919,20180901,0,0
919,20180902,0,0
919,20180903,0,0
919,20180904,5,0
919,20180905,5,0
919,20180906,73,0
919,20180907,20,0
919,20180908,0,0
919,20180909,0,0
919,20180910,0,0
919,20180911,0,0
919,20180912,0,0
919,20180913,15,0
919,20180914,0,0
919,20180915,0,0
919,20180916,0,0
919,20180917,0,0
919,20180918,0,0
919,20180919,0,0
919,20180920,0,0
919,20180921,20,0
919,20180922,10,0
919,20180923,41,0
919,20180924,151,0
919,20180925,2,0
919,20180926,0,0
919,20180927,0,0
919,20180928,0,0
919,20180929,0,0
919,20180930,0,0
919,20181001,13,0
919,20181002,11,0
919,20181003,4,0
919,20181004,0,0
919,20181005,0,0
919,20181006,0,0
919,20181007,2,0
919,20181008,0,0
919,20181009,0,0
919,20181010,0,0
919,20181011,0,0
919,20181012,2,0
919,20181013,0,0
919,20181014,0,0
919,20181015,0,0
919,20181016,0,0
919,20181017,0,0
919,20181018,0,0
919,20181019,0,0
919,20181020,0,0
919,20181021,0,0
919,20181022,1,0
919,20181023,0,0
919,20181024,4,0
919,20181025,10,0
919,20181026,1,0
919,20181027,35,0
919,20181028,0,0
919,20181029,0,0
919,20181030,178,0
919,20181031,114,0
919,20181101,0,0
919,20181102,49,0
919,20181103,0,0
919,20181104,0,0
919,20181105,0,0
919,20181106,0,0
919,20181107,0,0
919,20181108,22,0
919,20181109,0,0
919,20181110,17,0
919,20181111,24,0
919,20181112,76,0
919,20181113,73,0
919,20181114,6,0
919,20181115,0,0
919,20181116,0,0
919,20181117,0,0
919,20181118,0,0
919,20181119,0,0
919,20181120,1,0
919,20181121,2,0
919,20181122,0,0
919,20181123,0,0
919,20181124,0,0
919,20181125,5,0
919,20181126,15,0
919,20181127,4,0
919,20181128,2,0
919,20181129,45,0
919,20181130,14,0
919,20181201,0,0
919,20181202,82,0
919,20181203,132,0
919,20181204,112,0
919,20181205,4,0
919,20181206,16,0
919,20181207,43,0
919,20181208,82,0
919,20181209,145,0
919,20181210,47,0
919,20181211,49,0
919,20181212,2,0
919,20181213,0,0
919,20181214,0,0
919,20181215,0,0
919,20181216,43,2
919,20181217,15,0
919,20181218,8,0
919,20181219,5,0
919,20181220,2,0
919,20181221,106,0
919,20181222,100,0
919,20181223,9,0
919,20181224,86,0
919,20181225,2,0
919,20181226,0,0
919,20181227,0,0
919,20181228,0,0
919,20181229,1,0
919,20181230,4,0
919,20181231,16,0
919,20190101,4,0
919,20190102,9,0
919,20190103,0,0
919,20190104,2,0
919,20190105,3,0
919,20190106,4,0
919,20190107,0,0
919,20190108,43,0
919,20190109,4,0
919,20190110,0,0
919,20190111,33,0
919,20190112,17,0
919,20190113,92,0
919,20190114,110,0
919,20190115,5,0
919,20190116,0,0
919,20190117,5,0
919,20190118,99,0
919,20190119,0,0
919,20190120,0,0
919,20190121,0,0
919,20190122,0,0
919,20190123,43,4
919,20190124,0,3
919,20190125,0,2
919,20190126,15,0
919,20190127,45,0
919,20190128,165,0
919,20190129,19,0
919,20190130,0,0
919,20190131,10,1
919,20190201,35,2
919,20190202,25,0
919,20190203,86,0
919,20190204,2,0
919,20190205,6,0
919,20190206,1,0
919,20190207,57,0
919,20190208,4,0
919,20190209,39,0
919,20190210,99,0
919,20190211,146,0
919,20190212,3,0
919,20190213,0,0
919,20190214,0,0
919,20190215,0,0
919,20190216,0,0
919,20190217,0,0
919,20190218,0,0
919,20190219,0,0
919,20190220,0,0
919,20190221,0,0
919,20190222,0,0
919,20190223,0,0
919,20190224,0,0
919,20190225,0,0
919,20190226,0,0
919,20190227,0,0
919,20190228,0,0
919,20190301,63,0
919,20190302,1,0
919,20190303,40,0
919,20190304,57,0
919,20190305,50,0
919,20190306,5,0
919,20190307,74,0
919,20190308,67,0
919,20190309,43,0
919,20190310,108,0
919,20190311,51,0
919,20190312,15,0
919,20190313,24,0
919,20190314,91,0
919,20190315,93,0
919,20190316,112,0
919,20190317,48,0
919,20190318,27,0
919,20190319,0,0
919,20190320,0,0
919,20190321,0,0
919,20190322,0,0
919,20190323,0,0
919,20190324,0,0
919,20190325,3,0
919,20190326,0,0
919,20190327,0,0
919,20190328,0,0
919,20190329,0,0
919,20190330,0,0
919,20190331,0,0
919,20190401,0,0
919,20190402,0,0
919,20190403,27,0
919,20190404,1,0
919,20190405,0,0
919,20190406,0,0
919,20190407,0,0
919,20190408,0,0
919,20190409,52,0
919,20190410,0,0
919,20190411,0,0
919,20190412,0,0
919,20190413,0,0
919,20190414,3,0
919,20190415,0,0
919,20190416,0,0
919,20190417,0,0
919,20190418,0,0
919,20190419,0,0
919,20190420,0,0
919,20190421,0,0
919,20190422,0,0
919,20190423,0,0
919,20190424,1,0
919,20190425,90,0
919,20190426,28,0
919,20190427,31,0
919,20190428,8,0
919,20190429,1,0
919,20190430,0,0
919,20190501,0,0
919,20190502,0,0
919,20190503,15,0
919,20190504,46,0
919,20190505,4,0
919,20190506,10,0
919,20190507,28,0
919,20190508,3,0
919,20190509,15,0
919,20190510,24,0
919,20190511,48,0
919,20190512,0,0
919,20190513,0,0
919,20190514,0,0
919,20190515,0,0
919,20190516,0,0
919,20190517,0,0
919,20190518,0,0
919,20190519,0,0
919,20190520,9,0
919,20190521,0,0
919,20190522,0,0
919,20190523,0,0
919,20190524,0,0
919,20190525,0,0
919,20190526,0,0
919,20190527,27,0
919,20190528,30,0
919,20190529,41,0
919,20190530,4,0
919,20190531,0,0
919,20190601,0,0
919,20190602,0,0
919,20190603,40,0
919,20190604,0,0
919,20190605,122,0
919,20190606,305,0
919,20190607,0,0
919,20190608,8,0
919,20190609,10,0
919,20190610,0,0
919,20190611,25,0
919,20190612,112,0
919,20190613,69,0
919,20190614,126,0
919,20190615,76,0
919,20190616,4,0
919,20190617,0,0
919,20190618,0,0
919,20190619,6,0
919,20190620,0,0
919,20190621,0,0
919,20190622,0,0
919,20190623,0,0
919,20190624,0,0
919,20190625,0,0
919,20190626,0,0
919,20190627,0,0
919,20190628,0,0
919,20190629,0,0
919,20190630,0,0
919,20190701,0,0
919,20190702,0,0
919,20190703,0,0
919,20190704,0,0
919,20190705,0,0
919,20190706,0,0
919,20190707,67,0
919,20190708,0,0
919,20190709,0,0
919,20190710,0,0
919,20190711,1,0
919,20190712,8,0
919,20190713,76,0
919,20190714,15,0
919,20190715,14,0
919,20190716,0,0
919,20190717,0,0
919,20190718,0,0
919,20190719,0,0
919,20190720,0,0
919,20190721,6,0
919,20190722,0,0
919,20190723,0,0
919,20190724,0,0
919,20190725,0,0
919,20190726,0,0
919,20190727,53,0
919,20190728,96,0
919,20190729,1,0
919,20190730,0,0
919,20190731,0,0
919,20190801,5,0
919,20190802,0,0
919,20190803,64,0
919,20190804,1,0
919,20190805,2,0
919,20190806,0,0
919,20190807,0,0
919,20190808,0,0
919,20190809,6,0
919,20190810,55,0
919,20190811,2,0
919,20190812,0,0
919,20190813,67,0
919,20190814,11,0
919,20190815,40,0
919,20190816,5,0
919,20190817,10,0
919,20190818,32,0
919,20190819,15,0
919,20190820,0,0
919,20190821,0,0
919,20190822,0,0
919,20190823,0,0
919,20190824,0,0
919,20190825,0,0
919,20190826,0,0
919,20190827,0,0
919,20190828,0,0
919,20190829,228,0
919,20190830,0,0
919,20190831,0,0
919,20190901,6,0
919,20190902,0,0
919,20190903,0,0
919,20190904,0,0
919,20190905,42,0
919,20190906,9,0
919,20190907,0,0
919,20190908,66,0
919,20190909,0,0
919,20190910,0,0
919,20190911,0,0
919,20190912,18,0
919,20190913,1,0
919,20190914,0,0
919,20190915,0,0
919,20190916,0,0
919,20190917,2,0
919,20190918,0,0
919,20190919,0,0
919,20190920,0,0
919,20190921,0,0
919,20190922,0,0
919,20190923,62,0
919,20190924,1,0
919,20190925,79,0
919,20190926,15,0
919,20190927,75,0
919,20190928,61,0
919,20190929,26,0
919,20190930,65,0
919,20191001,150,0
919,20191002,78,0
919,20191003,43,0
919,20191004,91,0
919,20191005,42,0
919,20191006,41,0
919,20191007,146,0
919,20191008,52,0
919,20191009,2,0
919,20191010,40,0
919,20191011,9,0
919,20191012,12,0
919,20191013,4,0
919,20191014,2,0
919,20191015,10,0
919,20191016,10,0
919,20191017,86,0
919,20191018,1,0
919,20191019,81,0
919,20191020,14,0
919,20191021,86,0
919,20191022,0,0
919,20191023,0,0
919,20191024,0,0
919,20191025,2,0
919,20191026,0,0
919,20191027,40,0
919,20191028,0,0
919,20191029,0,0
919,20191030,0,0
919,20191031,0,0
919,20191101,0,0
919,20191102,83,0
919,20191103,27,0
919,20191104,17,0
919,20191105,52,0
919,20191106,7,0
919,20191107,2,0
919,20191108,54,0
919,20191109,0,0
919,20191110,0,0
919,20191111,0,0
919,20191112,25,0
919,20191113,6,0
919,20191114,63,0
919,20191115,1,0
919,20191116,0,0
919,20191117,0,0
919,20191118,115,0
919,20191119,60,0
919,20191120,1,0
919,20191121,0,0
919,20191122,9,0
919,20191123,1,0
919,20191124,0,0
919,20191125,0,0
919,20191126,1,0
919,20191127,79,0
919,20191128,24,0
919,20191129,110,0
919,20191130,0,0
919,20191201,0,0
919,20191202,1,0
919,20191203,8,0
919,20191204,1,0
919,20191205,0,0
919,20191206,18,0
919,20191207,51,0
919,20191208,14,0
919,20191209,72,0
919,20191210,58,0
919,20191211,43,0
919,20191212,5,0
919,20191213,64,0
919,20191214,101,0
919,20191215,83,0
919,20191216,1,0
919,20191217,7,0
919,20191218,27,0
919,20191219,0,0
919,20191220,4,0
919,20191221,13,0
919,20191222,60,0
919,20191223,109,0
919,20191224,32,0
919,20191225,8,0
919,20191226,9,0
919,20191227,85,0
919,20191228,1,0
919,20191229,0,0
919,20191230,1,0
919,20191231,1,0
919,20200101,0,0
919,20200102,3,0
919,20200103,5,0
919,20200104,36,0
919,20200105,8,0
919,20200106,0,0
919,20200107,12,0
919,20200108,6,0
919,20200109,24,0
919,20200110,55,0
919,20200111,3,0
919,20200112,0,0
919,20200113,13,0
919,20200114,27,0
919,20200115,3,0
919,20200116,34,0
919,20200117,1,0
919,20200118,3,0
919,20200119,6,0
919,20200120,1,0
919,20200121,0,0
919,20200122,2,0
919,20200123,3,0
919,20200124,0,0
919,20200125,2,0
919,20200126,1,0
919,20200127,16,0
919,20200128,35,0
919,20200129,22,0
919,20200130,1,0
919,20200131,21,0
919,20200201,44,0
919,20200202,36,0
919,20200203,32,0
919,20200204,94,0
919,20200205,30,0
919,20200206,1,0
919,20200207,0,0
919,20200208,0,0
919,20200209,15,0
919,20200210,294,0
919,20200211,41,0
919,20200212,10,0
919,20200213,30,0
919,20200214,73,0
919,20200215,1,0
919,20200216,11,0
919,20200217,104,0
919,20200218,30,0
919,20200219,116,0
919,20200220,1,0
919,20200221,74,0
919,20200222,2,0
919,20200223,130,0
919,20200224,127,0
919,20200225,60,0
919,20200226,143,998
919,20200227,38,0
919,20200228,98,0
919,20200229,78,0
919,20200301,21,0
919,20200302,9,0
919,20200303,54,0
919,20200304,28,0
919,20200305,26,0
919,20200306,158,0
919,20200307,20,0
919,20200308,0,0
919,20200309,48,0
919,20200310,110,0
919,20200311,174,0
919,20200312,43,0
919,20200313,19,0
919,20200314,30,0
919,20200315,4,0
919,20200316,0,0
919,20200317,2,0
919,20200318,0,0
919,20200319,0,0
919,20200320,0,0
919,20200321,20,0
919,20200322,0,0
919,20200323,0,0
919,20200324,0,0
919,20200325,0,0
919,20200326,0,0
919,20200327,0,0
919,20200328,0,0
919,20200329,0,0
919,20200330,0,0
919,20200331,2,0
919,20200401,0,0
919,20200402,0,0
919,20200403,0,0
919,20200404,0,0
919,20200405,0,0
919,20200406,0,0
919,20200407,0,0
919,20200408,0,0
919,20200409,0,0
919,20200410,0,0
919,20200411,0,0
919,20200412,0,0
919,20200413,10,0
919,20200414,0,0
919,20200415,0,0
919,20200416,0,0
919,20200417,0,0
919,20200418,0,0
919,20200419,3,0
919,20200420,0,0
919,20200421,0,0
919,20200422,0,0
919,20200423,0,0
919,20200424,0,0
919,20200425,0,0
919,20200426,0,0
919,20200427,0,0
919,20200428,0,0
919,20200429,34,0
919,20200430,50,0
919,20200501,80,0
919,20200502,60,0
919,20200503,11,0
919,20200504,2,0
919,20200505,0,0
919,20200506,0,0
919,20200507,0,0
919,20200508,0,0
919,20200509,0,0
919,20200510,0,0
919,20200511,9,0
919,20200512,0,0
919,20200513,0,0
919,20200514,0,0
919,20200515,0,0
919,20200516,0,0
919,20200517,0,0
919,20200518,0,0
919,20200519,0,0
919,20200520,0,0
919,20200521,0,0
919,20200522,0,0
919,20200523,12,0
919,20200524,3,0
919,20200525,5,0
919,20200526,0,0
919,20200527,0,0
919,20200528,0,0
919,20200529,0,0
919,20200530,0,0
919,20200531,0,0
919,20200601,0,0
919,20200602,0,0
919,20200603,0,0
919,20200604,0,0
919,20200605,44,0
919,20200606,177,0
919,20200607,2,0
919,20200608,1,0
919,20200609,2,0
919,20200610,0,0
919,20200611,2,0
919,20200612,0,0
919,20200613,144,0
919,20200614,3,0
919,20200615,144,0
919,20200616,4,0
919,20200617,231,0
919,20200618,310,0
919,20200619,4,0
919,20200620,0,0
919,20200621,0,0
919,20200622,27,0
919,20200623,0,0
919,20200624,0,0
919,20200625,0,0
919,20200626,0,0
919,20200627,145,0
919,20200628,14,0
919,20200629,0,0
919,20200630,0,0
919,20200701,221,0
919,20200702,88,0
919,20200703,8,0
919,20200704,3,0
919,20200705,11,0
919,20200706,1,0
919,20200707,17,0
919,20200708,27,0
919,20200709,37,0
919,20200710,8,0
919,20200711,30,0
919,20200712,52,0
919,20200713,0,0
919,20200714,0,0
919,20200715,21,0
919,20200716,5,0
919,20200717,12,0
919,20200718,0,0
919,20200719,0,0
919,20200720,0,0
919,20200721,0,0
919,20200722,0,0
919,20200723,0,0
919,20200724,0,0
919,20200725,7,0
919,20200726,19,0
919,20200727,0,0
919,20200728,6,0
919,20200729,0,0
919,20200730,0,0
919,20200731,0,0
919,20200801,5,0
919,20200802,0,0
919,20200803,0,0
919,20200804,0,0
919,20200805,0,0
919,20200806,0,0
919,20200807,0,0
919,20200808,0,0
919,20200809,0,0
919,20200810,0,0
919,20200811,0,0
919,20200812,20,0
919,20200813,1,0
919,20200814,6,0
919,20200815,0,0
919,20200816,35,0
919,20200817,9,0
919,20200818,2,0
919,20200819,3,0
919,20200820,27,0
919,20200821,20,0
919,20200822,0,0
919,20200823,2,0
919,20200824,3,0
919,20200825,0,0
919,20200826,6,0
919,20200827,7,0
919,20200828,9,0
919,20200829,24,0
919,20200830,0,0
919,20200831,104,0
919,20200901,2,0
919,20200902,0,0
919,20200903,10,0
919,20200904,19,0
919,20200905,3,0
919,20200906,0,0
919,20200907,0,0
919,20200908,0,0
919,20200909,0,0
919,20200910,0,0
919,20200911,0,0
919,20200912,0,0
919,20200913,0,0
919,20200914,0,0
919,20200915,0,0
919,20200916,0,0
919,20200917,0,0
919,20200918,0,0
919,20200919,0,0
919,20200920,0,0
919,20200921,0,0
919,20200922,0,0
919,20200923,0,0
919,20200924,42,0
919,20200925,22,0
919,20200926,195,0
919,20200927,200,0
919,20200928,8,0
919,20200929,23,0
919,20200930,3,0
919,20201001,14,0
919,20201002,70,0
919,20201003,21,0
919,20201004,67,0
919,20201005,11,0
919,20201006,75,0
919,20201007,33,0
919,20201008,16,0
919,20201009,66,0
919,20201010,3,0
919,20201011,53,0
919,20201012,2,0
919,20201013,2,0
919,20201014,0,0
919,20201015,0,0
919,20201016,0,0
919,20201017,0,0
919,20201018,0,0
919,20201019,1,0
919,20201020,0,0
919,20201021,64,0
919,20201022,8,0
919,20201023,5,0
919,20201024,0,0
919,20201025,59,0
919,20201026,15,0
919,20201027,2,0
919,20201028,35,0
919,20201029,63,0
919,20201030,58,0
919,20201031,3,0
919,20201101,17,0
919,20201102,40,0
919,20201103,45,0
919,20201104,0,0
919,20201105,0,0
919,20201106,0,0
919,20201107,0,0
919,20201108,0,0
919,20201109,7,0
919,20201110,0,0
919,20201111,15,0
919,20201112,17,0
919,20201113,1,0
919,20201114,25,0
919,20201115,0,0
919,20201116,98,0
919,20201117,5,0
919,20201118,1,0
919,20201119,5,0
919,20201120,33,0
919,20201121,0,0
919,20201122,4,0
919,20201123,11,0
919,20201124,1,0
919,20201125,0,0
919,20201126,0,0
919,20201127,3,0
919,20201128,0,0
919,20201129,0,0
919,20201130,0,0
919,20201201,102,0
919,20201202,8,0
919,20201203,7,0
919,20201204,37,0
919,20201205,2,0
919,20201206,1,0
919,20201207,50,0
919,20201208,39,0
919,20201209,1,0
919,20201210,0,0
919,20201211,0,0
919,20201212,53,0
919,20201213,5,0
919,20201214,22,0
919,20201215,52,0
919,20201216,26,0
919,20201217,20,0
919,20201218,1,0
919,20201219,0,0
919,20201220,1,0
919,20201221,0,0
919,20201222,90,0
919,20201223,59,0
919,20201224,59,0
919,20201225,6,0
919,20201226,3,0
919,20201227,23,0
919,20201228,33,0
919,20201229,7,0
919,20201230,13,0
919,20201231,8,0
919,20210101,1,0
919,20210102,3,0
919,20210103,3,0
919,20210104,7,0
919,20210105,4,0
919,20210106,8,0
919,20210107,5,0
919,20210108,87,0
919,20210109,6,0
919,20210110,1,0
919,20210111,0,0
919,20210112,171,0
919,20210113,3,0
919,20210114,2,0
919,20210115,0,0
919,20210116,0,0
919,20210117,56,998
919,20210118,2,0
919,20210119,93,0
919,20210120,25,0
919,20210121,15,0
919,20210122,112,0
919,20210123,1,0
919,20210124,62,0
919,20210125,17,0
919,20210126,33,0
919,20210127,18,0
919,20210128,95,0
919,20210129,196,0
919,20210130,14,0
919,20210131,2,0
919,20210201,6,0
919,20210202,39,0
919,20210203,71,0
919,20210204,184,0
919,20210205,6,0
919,20210206,36,0
919,20210207,211,999
919,20210208,10,999
919,20210209,13,999
919,20210210,0,999
919,20210211,0,999
919,20210212,0,999
919,20210213,0,999
919,20210214,0,999
919,20210215,2,998
919,20210216,20,998
919,20210217,13,0
919,20210218,0,0
919,20210219,66,0
919,20210220,0,0
919,20210221,0,0
919,20210222,0,0
919,20210223,0,0
919,20210224,0,0
919,20210225,0,0
919,20210226,90,0
919,20210227,0,0
919,20210228,0,0
919,20210301,0,0
919,20210302,0,0
919,20210303,0,0
919,20210304,54,0
919,20210305,3,0
919,20210306,0,0
919,20210307,0,0
919,20210308,0,0
919,20210309,20,0
919,20210310,10,0
919,20210311,37,0
919,20210312,27,0
919,20210313,101,0
919,20210314,52,0
919,20210315,86,0
919,20210316,13,0
919,20210317,53,0
919,20210318,16,0
919,20210319,14,0
919,20210320,0,0
919,20210321,5,0
919,20210322,0,0
919,20210323,0,0
919,20210324,0,0
919,20210325,0,0
919,20210326,0,0
919,20210327,72,0
919,20210328,17,0
919,20210329,0,0
919,20210330,0,0
919,20210331,0,0
919,20210401,0,0
919,20210402,0,0
919,20210403,0,0
919,20210404,0,0
919,20210405,13,0
919,20210406,57,998
919,20210407,123,998
919,20210408,10,0
919,20210409,0,0
919,20210410,0,0
919,20210411,115,0
919,20210412,2,0
919,20210413,15,0
919,20210414,0,0
919,20210415,0,0
919,20210416,0,0
919,20210417,0,0
919,20210418,0,0
919,20210419,0,0
919,20210420,16,0
919,20210421,0,0
919,20210422,0,0
919,20210423,0,0
919,20210424,0,0
919,20210425,0,0
919,20210426,0,0
919,20210427,0,0
919,20210428,0,0
919,20210429,0,0
919,20210430,3,0
919,20210501,2,0
919,20210502,0,0
919,20210503,0,0
919,20210504,45,0
919,20210505,80,0
919,20210506,35,0
919,20210507,18,0
919,20210508,0,0
919,20210509,5,0
919,20210510,2,0
919,20210511,5,0
919,20210512,27,0
919,20210513,15,0
919,20210514,6,0
919,20210515,1,0
919,20210516,16,0
919,20210517,76,0
919,20210518,63,0
919,20210519,5,0
919,20210520,86,0
919,20210521,5,0
919,20210522,18,0
919,20210523,104,0
919,20210524,2,0
919,20210525,42,0
919,20210526,42,0
919,20210527,15,0
919,20210528,2,0
919,20210529,0,0
919,20210530,0,0
919,20210531,0,0
919,20210601,0,0
919,20210602,0,0
919,20210603,0,0
919,20210604,0,0
919,20210605,178,0
919,20210606,0,0
919,20210607,0,0
919,20210608,0,0
919,20210609,0,0
919,20210610,0,0
919,20210611,0,0
919,20210612,0,0
919,20210613,0,0
919,20210614,0,0
919,20210615,0,0
919,20210616,0,0
919,20210617,0,0
919,20210618,165,0
919,20210619,2,0
919,20210620,74,0
919,20210621,240,0
919,20210622,33,0
919,20210623,45,0
919,20210624,0,0
919,20210625,0,0
919,20210626,8,0
919,20210627,0,0
919,20210628,73,0
919,20210629,11,0
919,20210630,94,0
919,20210701,114,0
919,20210702,0,0
919,20210703,0,0
919,20210704,218,0
919,20210705,79,0
919,20210706,5,0
919,20210707,11,0
919,20210708,0,0
919,20210709,2,0
919,20210710,0,0
919,20210711,88,0
919,20210712,0,0
919,20210713,0,0
919,20210714,10,0
919,20210715,272,0
919,20210716,71,0
919,20210717,1,0
919,20210718,0,0
919,20210719,0,0
919,20210720,0,0
919,20210721,0,0
919,20210722,0,0
919,20210723,0,0
919,20210724,0,0
919,20210725,42,0
919,20210726,17,0
919,20210727,2,0
919,20210728,10,0
919,20210729,5,0
919,20210730,0,0
919,20210731,20,0
919,20210801,27,0
919,20210802,32,0
919,20210803,3,0
919,20210804,0,0
919,20210805,0,0
919,20210806,24,0
919,20210807,49,0
919,20210808,52,0
919,20210809,8,0
919,20210810,14,0
919,20210811,6,0
919,20210812,0,0
919,20210813,0,0
919,20210814,0,0
919,20210815,0,0
919,20210816,3,0
919,20210817,53,0
919,20210818,37,0
919,20210819,13,0
919,20210820,0,0
919,20210821,0,0
919,20210822,134,0
919,20210823,79,0
919,20210824,0,0
919,20210825,0,0
919,20210826,3,0
919,20210827,1,0
919,20210828,15,0
919,20210829,1,0
919,20210830,15,0
919,20210831,0,0
919,20210901,0,0
919,20210902,0,0
919,20210903,0,0
919,20210904,0,0
919,20210905,0,0
919,20210906,0,0
919,20210907,0,0
919,20210908,0,0
919,20210909,0,0
919,20210910,0,0
919,20210911,110,0
919,20210912,12,0
919,20210913,0,0
919,20210914,0,0
919,20210915,98,0
919,20210916,0,0
919,20210917,0,0
919,20210918,0,0
919,20210919,0,0
919,20210920,0,0
919,20210921,0,0
919,20210922,0,0
919,20210923,0,0
919,20210924,0,0
919,20210925,0,0
919,20210926,6,0
919,20210927,2,0
919,20210928,16,0
919,20210929,12,0
919,20210930,44,0
919,20211001,0,0
919,20211002,26,0
919,20211003,176,0
919,20211004,61,0
919,20211005,0,0
919,20211006,99,0
919,20211007,137,0
919,20211008,0,0
919,20211009,0,0
919,20211010,0,0
919,20211011,6,0
919,20211012,25,0
919,20211013,57,0
919,20211014,10,0
919,20211015,3,0
919,20211016,14,0
919,20211017,0,0
919,20211018,0,0
919,20211019,20,0
919,20211020,10,0
919,20211021,82,0
919,20211022,66,0
919,20211023,37,0
919,20211024,0,0
919,20211025,0,0
919,20211026,0,0
919,20211027,0,0
919,20211028,0,0
919,20211029,0,0
919,20211030,60,0
919,20211031,56,0
919,20211101,98,0
919,20211102,29,0
919,20211103,2,0
919,20211104,1,0
919,20211105,5,0
919,20211106,0,0
919,20211107,8,0
919,20211108,13,0
919,20211109,0,0
919,20211110,0,0
919,20211111,0,0
919,20211112,0,0
919,20211113,90,0
919,20211114,15,0
919,20211115,0,0
919,20211116,1,0
919,20211117,3,0
919,20211118,1,0
919,20211119,1,0
919,20211120,0,0
919,20211121,31,0
919,20211122,2,0
919,20211123,1,0
919,20211124,3,0
919,20211125,2,0
919,20211126,6,0
919,20211127,177,998
919,20211128,11,0
919,20211129,11,0
919,20211130,42,0
919,20211201,59,0
919,20211202,47,0
919,20211203,3,0
919,20211204,11,0
919,20211205,41,0
919,20211206,2,0
919,20211207,59,0
919,20211208,28,0
919,20211209,2,0
919,20211210,2,0
919,20211211,20,0
919,20211212,9,0
919,20211213,8,0
919,20211214,1,0
919,20211215,0,0
919,20211216,0,0
919,20211217,1,0
919,20211218,2,0
919,20211219,3,0
919,20211220,3,0
919,20211221,0,0
919,20211222,0,0
919,20211223,0,0
919,20211224,15,0
919,20211225,67,0
919,20211226,0,0
919,20211227,9,0
919,20211228,12,0
919,20211229,77,0
919,20211230,40,0
919,20211231,6,0
919,20220101,0,0
919,20220102,21,0
919,20220103,10,0
919,20220104,2,0
919,20220105,21,0
919,20220106,32,0
919,20220107,17,0
919,20220108,19,0
919,20220109,144,0
919,20220110,1,0
919,20220111,0,0
919,20220112,3,0
919,20220113,0,0
919,20220114,0,0
919,20220115,0,0
919,20220116,0,0
919,20220117,0,0
919,20220118,0,0
919,20220119,0,0
919,20220120,21,0
919,20220121,2,0
919,20220122,3,0
919,20220123,0,0
919,20220124,0,0
919,20220125,0,0
919,20220126,0,0
919,20220127,0,0
919,20220128,10,0
919,20220129,0,0
919,20220130,0,0
919,20220131,50,0
919,20220201,39,0
919,20220202,19,0
919,20220203,2,0
919,20220204,2,0
919,20220205,35,0
919,20220206,91,0
919,20220207,175,0
919,20220208,5,0
919,20220209,1,0
919,20220210,4,0
919,20220211,10,0
919,20220212,3,0
919,20220213,0,0
919,20220214,5,0
919,20220215,5,0
919,20220216,98,0
919,20220217,47,0
919,20220218,12,0
919,20220219,20,0
919,20220220,150,0
919,20220221,178,0
919,20220222,56,0
919,20220223,40,0
919,20220224,0,0
919,20220225,58,0
919,20220226,4,0
919,20220227,0,0
919,20220228,0,0
919,20220301,0,0
919,20220302,0,0
919,20220303,0,0
919,20220304,0,0
919,20220305,0,0
919,20220306,0,0
919,20220307,0,0
919,20220308,0,0
919,20220309,0,0
919,20220310,0,0
919,20220311,0,0
919,20220312,0,0
919,20220313,2,0
919,20220314,0,0
919,20220315,0,0
919,20220316,0,0
919,20220317,1,0
919,20220318,0,0
919,20220319,0,0
919,20220320,0,0
919,20220321,0,0
919,20220322,0,0
919,20220323,0,0
919,20220324,0,0
919,20220325,0,0
919,20220326,0,0
919,20220327,0,0
919,20220328,0,0
919,20220329,0,0
919,20220330,0,0
919,20220331,10,0
919,20220401,43,998
919,20220402,2,0
919,20220403,0,0
919,20220404,1,0
919,20220405,126,0
919,20220406,12,0
919,20220407,84,0
919,20220408,15,0
919,20220409,1,0
919,20220410,0,0
919,20220411,0,0
919,20220412,0,0
919,20220413,0,0
919,20220414,6,0
919,20220415,0,0
919,20220416,0,0
919,20220417,0,0
919,20220418,0,0
919,20220419,0,0
919,20220420,0,0
919,20220421,0,0
919,20220422,0,0
919,20220423,0,0
919,20220424,0,0
919,20220425,0,0
919,20220426,10,0
919,20220427,0,0
919,20220428,0,0
919,20220429,0,0
919,20220430,0,0
919,20220501,0,0
919,20220502,0,0
919,20220503,0,0
919,20220504,0,0
919,20220505,0,0
919,20220506,0,0
919,20220507,0,0
919,20220508,2,0
919,20220509,0,0
919,20220510,0,0
919,20220511,0,0
919,20220512,3,0
919,20220513,0,0
919,20220514,0,0
919,20220515,0,0
919,20220516,0,0
919,20220517,2,0
919,20220518,0,0
919,20220519,6,0
919,20220520,100,0
919,20220521,15,0
919,20220522,0,0
919,20220523,0,0
919,20220524,140,0
919,20220525,18,0
919,20220526,0,0
919,20220527,20,0
919,20220528,0,0
919,20220529,3,0
919,20220530,30,0
919,20220531,0,0
919,20220601,30,0
919,20220602,5,0
919,20220603,0,0
919,20220604,0,0
919,20220605,17,0
919,20220606,450,0
919,20220607,1,0
919,20220608,12,0
919,20220609,161,0
919,20220610,0,0
919,20220611,0,0
919,20220612,0,0
919,20220613,0,0
919,20220614,0,0
919,20220615,0,0
919,20220616,0,0
919,20220617,0,0
919,20220618,0,0
919,20220619,13,0
919,20220620,9,0
919,20220621,0,0
919,20220622,1,0
919,20220623,0,0
919,20220624,174,0
919,20220625,45,0
919,20220626,124,0
919,20220627,0,0
919,20220628,118,0
919,20220629,0,0
919,20220630,0,0
919,20220701,130,0
919,20220702,2,0
919,20220703,0,0
919,20220704,0,0
919,20220705,0,0
919,20220706,0,0
919,20220707,9,0
919,20220708,1,0
919,20220709,0,0
919,20220710,0,0
919,20220711,0,0
919,20220712,0,0
919,20220713,2,0
919,20220714,0,0
919,20220715,0,0
919,20220716,0,0
919,20220717,0,0
919,20220718,0,0
919,20220719,0,0
919,20220720,0,0
919,20220721,36,0
919,20220722,54,0
919,20220723,5,0
919,20220724,0,0
919,20220725,0,0
919,20220726,0,0
919,20220727,5,0
919,20220728,0,0
919,20220729,2,0
919,20220730,0,0
919,20220731,0,0
919,20220801,7,0
919,20220802,0,0
919,20220803,0,0
919,20220804,0,0
919,20220805,34,0
919,20220806,0,0
919,20220807,0,0
919,20220808,0,0
919,20220809,0,0
919,20220810,0,0
919,20220811,0,0
919,20220812,0,0
919,20220813,0,0
919,20220814,0,0
919,20220815,1,0
919,20220816,0,0
919,20220817,0,0
919,20220818,131,0
919,20220819,0,0
919,20220820,94,0
919,20220821,0,0
919,20220822,0,0
919,20220823,0,0
919,20220824,0,0
919,20220825,0,0
919,20220826,0,0
919,20220827,21,0
919,20220828,0,0
919,20220829,0,0
919,20220830,0,0
919,20220831,0,0
919,20220901,0,0
919,20220902,0,0
919,20220903,0,0
919,20220904,0,0
919,20220905,0,0
919,20220906,32,0
919,20220907,74,0
919,20220908,95,0
919,20220909,99,0
919,20220910,129,0
919,20220911,52,0
919,20220912,0,0
919,20220913,1,0
919,20220914,115,0
919,20220915,75,0
919,20220916,18,0
919,20220917,52,0
919,20220918,81,0
919,20220919,152,0
919,20220920,3,0
919,20220921,0,0
919,20220922,0,0
919,20220923,0,0
919,20220924,51,0
919,20220925,5,0
919,20220926,0,0
919,20220927,125,0
919,20220928,115,0
919,20220929,9,0
919,20220930,0,0
919,20221001,54,0
919,20221002,20,0
919,20221003,0,0
919,20221004,0,0
919,20221005,0,0
919,20221006,16,0
919,20221007,0,0
919,20221008,5,0
919,20221009,0,0
919,20221010,0,0
919,20221011,0,0
919,20221012,0,0
919,20221013,0,0
919,20221014,12,0
919,20221015,8,0
919,20221016,0,0
919,20221017,20,0
919,20221018,35,0
919,20221019,0,0
919,20221020,0,0
919,20221021,35,0
919,20221022,25,0
919,20221023,0,0
919,20221024,43,0
919,20221025,40,0
919,20221026,0,0
919,20221027,0,0
919,20221028,0,0
919,20221029,0,0
919,20221030,0,0
919,20221031,0,0
919,20221101,1,0
919,20221102,0,0
919,20221103,0,0
919,20221104,46,0
919,20221105,10,0
919,20221106,0,0
919,20221107,54,0
919,20221108,0,0
919,20221109,1,0
919,20221110,0,0
919,20221111,0,0
919,20221112,0,0
919,20221113,0,0
919,20221114,0,0
919,20221115,3,0
919,20221116,70,0
919,20221117,154,0
919,20221118,15,0
919,20221119,21,0
919,20221120,0,0
919,20221121,76,0
919,20221122,39,0
919,20221123,8,0
919,20221124,32,0
919,20221125,9,0
919,20221126,1,0
919,20221127,6,0
919,20221128,90,0
919,20221129,13,0
919,20221130,0,0
919,20221201,0,0
919,20221202,0,0
919,20221203,1,0
919,20221204,0,0
919,20221205,3,0
919,20221206,32,0
919,20221207,3,0
919,20221208,12,0
919,20221209,20,0
919,20221210,0,0
919,20221211,0,0
919,20221212,0,0
919,20221213,0,0
919,20221214,0,0
919,20221215,0,0
919,20221216,4,998
919,20221217,0,0
919,20221218,1,0
919,20221219,72,0
919,20221220,9,0
919,20221221,155,0
919,20221222,55,0
919,20221223,52,0
919,20221224,144,0
919,20221225,9,0
919,20221226,90,0
919,20221227,7,0
919,20221228,20,0
919,20221229,37,0
919,20221230,13,0
919,20221231,146,0
919,20230101,30,0
919,20230102,75,0
919,20230103,8,0
919,20230104,32,0
919,20230105,40,0
919,20230106,12,0
919,20230107,7,0
919,20230108,22,0
919,20230109,20,0
919,20230110,34,0
919,20230111,86,0
919,20230112,173,0
919,20230113,157,0
919,20230114,33,0
919,20230115,89,0
919,20230116,57,0
919,20230117,34,0
919,20230118,0,0
919,20230119,103,3
919,20230120,40,7
919,20230121,109,8
919,20230122,0,8
919,20230123,2,8
919,20230124,0,998
919,20230125,0,998
919,20230126,15,0
919,20230127,4,0
919,20230128,0,0
919,20230129,0,0
919,20230130,2,0
919,20230131,0,0
919,20230201,6,0
919,20230202,0,0
919,20230203,12,0
919,20230204,7,0
919,20230205,26,0
919,20230206,1,0
919,20230207,0,0
919,20230208,0,0
919,20230209,0,0
919,20230210,2,0
919,20230211,0,0
919,20230212,0,0
919,20230213,0,0
919,20230214,0,0
919,20230215,0,0
919,20230216,0,0
919,20230217,10,0
919,20230218,6,0
919,20230219,9,0
919,20230220,1,0
919,20230221,1,0
919,20230222,0,0
919,20230223,26,0
919,20230224,2,0
919,20230225,18,0
919,20230226,0,0
919,20230227,0,0
919,20230228,0,0
919,20230301,0,0
919,20230302,0,0
919,20230303,0,0
919,20230304,0,0
919,20230305,0,0
919,20230306,6,0
919,20230307,168,0
919,20230308,95,3
919,20230309,105,0
919,20230310,173,0
919,20230311,68,0
919,20230312,5,0
919,20230313,23,0
919,20230314,28,0
919,20230315,30,0
919,20230316,1,0
919,20230317,0,0
919,20230318,6,0
919,20230319,10,0
919,20230320,0,0
919,20230321,28,0
919,20230322,1,0
919,20230323,59,0
919,20230324,50,0
919,20230325,25,0
919,20230326,100,0
919,20230327,65,0
919,20230328,10,0
919,20230329,5,0
919,20230330,12,0
919,20230331,114,0
919,20230401,132,0
919,20230402,81,0
919,20230403,0,0
919,20230404,0,0
919,20230405,0,0
919,20230406,0,0
919,20230407,76,0
919,20230408,10,0
919,20230409,0,0
919,20230410,0,0
919,20230411,41,0
919,20230412,72,0
919,20230413,90,0
919,20230414,2,0
919,20230415,0,0
919,20230416,0,0
919,20230417,0,0
919,20230418,0,0
919,20230419,0,0
919,20230420,0,0
919,20230421,24,0
919,20230422,25,0
919,20230423,17,0
919,20230424,182,0
919,20230425,0,0
919,20230426,0,0
919,20230427,0,0
919,20230428,7,0
919,20230429,15,0
919,20230430,0,0
919,20230501,0,0
919,20230502,0,0
919,20230503,0,0
919,20230504,0,0
919,20230505,0,0
919,20230506,35,0
919,20230507,9,0
919,20230508,113,0
919,20230509,3,0
919,20230510,150,0
919,20230511,451,0
919,20230512,50,0
919,20230513,0,0
919,20230514,0,0
919,20230515,0,0
919,20230516,0,0
919,20230517,0,0
919,20230518,0,0
919,20230519,0,0
919,20230520,0,0
919,20230521,0,0
919,20230522,0,0
919,20230523,0,0
919,20230524,0,0
919,20230525,0,0
919,20230526,0,0
919,20230527,0,0
919,20230528,0,0
919,20230529,0,0
919,20230530,0,0
919,20230531,0,0
919,20230601,0,0
919,20230602,0,0
919,20230603,0,0
919,20230604,0,0
919,20230605,0,0
919,20230606,0,0
919,20230607,0,0
919,20230608,0,0
919,20230609,0,0
919,20230610,0,0
919,20230611,0,0
919,20230612,0,0
919,20230613,0,0
919,20230614,0,0
919,20230615,0,0
919,20230616,0,0
919,20230617,0,0
919,20230618,0,0
919,20230619,21,0
919,20230620,0,0
919,20230621,55,0
919,20230622,3,0
919,20230623,235,0
919,20230624,0,0
919,20230625,0,0
919,20230626,0,0
919,20230627,0,0
919,20230628,7,0
919,20230629,0,0
919,20230630,3,0
919,20230701,5,0
919,20230702,5,0
919,20230703,0,0
919,20230704,0,0
919,20230705,55,0
919,20230706,55,0
919,20230707,0,0
919,20230708,0,0
919,20230709,0,0
919,20230710,5,0
919,20230711,0,0
919,20230712,33,0
919,20230713,1,0
919,20230714,30,0
919,20230715,1,0
919,20230716,85,0
919,20230717,7,0
919,20230718,10,0
919,20230719,0,0
919,20230720,0,0
919,20230721,2,0
919,20230722,5,0
919,20230723,20,0
919,20230724,344,0
919,20230725,41,0
919,20230726,16,0
919,20230727,125,0
919,20230728,33,0
919,20230729,0,0
919,20230730,73,0
919,20230731,223,0
919,20230801,216,0
919,20230802,46,0
919,20230803,196,0
919,20230804,43,0
919,20230805,37,0
919,20230806,136,0
919,20230807,192,0
919,20230808,3,0
919,20230809,105,0
919,20230810,0,0
919,20230811,0,0
919,20230812,115,0
919,20230813,0,0
919,20230814,0,0
919,20230815,1,0
919,20230816,0,0
919,20230817,0,0
919,20230818,0,0
919,20230819,0,0
919,20230820,1,0
919,20230821,0,0
919,20230822,0,0
919,20230823,0,0
919,20230824,1,0
919,20230825,92,0
919,20230826,60,0
919,20230827,40,0
919,20230828,26,0
919,20230829,10,0
919,20230830,30,0
919,20230831,7,0
919,20230901,26,0
919,20230902,125,0
919,20230903,0,0
919,20230904,0,0
919,20230905,0,0
919,20230906,0,0
919,20230907,0,0
919,20230908,0,0
919,20230909,0,0
919,20230910,0,0
919,20230911,0,0
919,20230912,66,0
919,20230913,78,0
919,20230914,0,0
919,20230915,0,0
919,20230916,0,0
919,20230917,249,0
919,20230918,3,0
919,20230919,78,0
919,20230920,0,0
919,20230921,15,0
919,20230922,71,0
919,20230923,153,0
919,20230924,10,0
919,20230925,0,0
919,20230926,0,0
919,20230927,0,0
919,20230928,0,0
919,20230929,0,0
919,20230930,16,0
919,20231001,0,0
919,20231002,0,0
919,20231003,0,0
919,20231004,15,0
919,20231005,0,0
919,20231006,0,0
919,20231007,0,0
919,20231008,0,0
919,20231009,0,0
919,20231010,0,0
919,20231011,0,0
919,20231012,37,0
919,20231013,64,0
919,20231014,148,0
919,20231015,57,0
919,20231016,17,0
919,20231017,0,0
919,20231018,0,0
919,20231019,143,0
919,20231020,114,0
919,20231021,342,0
919,20231022,15,0
919,20231023,0,0
919,20231024,57,0
919,20231025,32,0
919,20231026,163,0
919,20231027,121,0
919,20231028,35,0
919,20231029,31,0
919,20231030,15,0
919,20231031,124,0
919,20231101,49,0
919,20231102,18,0
919,20231103,39,0
919,20231104,4,0
919,20231105,35,0
919,20231106,37,0
919,20231107,8,0
919,20231108,0,0
919,20231109,126,0
919,20231110,46,0
919,20231111,114,0
919,20231112,0,0
919,20231113,60,0
919,20231114,65,0
919,20231115,264,0
919,20231116,3,0
919,20231117,0,0
919,20231118,0,0
919,20231119,141,0
919,20231120,66,0
919,20231121,15,0
919,20231122,5,0
919,20231123,1,0
919,20231124,10,0
919,20231125,41,0
919,20231126,13,0
919,20231127,137,0
919,20231128,204,0
919,20231129,69,0
919,20231130,3,0
919,20231201,0,0
919,20231202,0,0
919,20231203,0,0
919,20231204,44,998
919,20231205,89,0
919,20231206,6,0
919,20231207,8,0
919,20231208,24,0
919,20231209,2,0
919,20231210,78,0
919,20231211,32,0
919,20231212,23,0
919,20231213,72,0
919,20231214,3,0
919,20231215,0,0
919,20231216,0,0
919,20231217,7,0
919,20231218,1,0
919,20231219,6,0
919,20231220,122,0
919,20231221,31,0
919,20231222,132,0
919,20231223,57,0
919,20231224,63,0
919,20231225,120,0
919,20231226,283,0
919,20231227,32,0
919,20231228,2,0
919,20231229,15,0
919,20231230,232,0
919,20231231,3,0
919,20240101,29,0
919,20240102,103,0
919,20240103,178,0
919,20240104,154,0
919,20240105,52,0
919,20240106,15,0
919,20240107,0,0
919,20240108,0,0
919,20240109,0,0
919,20240110,0,0
919,20240111,0,0
919,20240112,0,0
919,20240113,0,0
919,20240114,10,0
919,20240115,45,998
919,20240116,41,2
919,20240117,0,1
919,20240118,3,998
919,20240119,2,998
919,20240120,0,998
919,20240121,0,0
919,20240122,23,0
919,20240123,81,0
919,20240124,30,0
919,20240125,0,0
919,20240126,40,0
919,20240127,3,0
919,20240128,0,0
919,20240129,0,0
919,20240130,0,0
919,20240131,3,0
919,20240201,35,0
919,20240202,0,0
919,20240203,0,0
919,20240204,99,0
919,20240205,35,0
919,20240206,2,0
919,20240207,218,0
919,20240208,5,0
919,20240209,219,0
919,20240210,2,0
919,20240211,32,0
919,20240212,7,0
919,20240213,2,0
919,20240214,5,0
919,20240215,67,0
919,20240216,3,0
919,20240217,7,0
919,20240218,18,0
919,20240219,32,0
919,20240220,16,0
919,20240221,0,0
919,20240222,65,0
919,20240223,76,0
919,20240224,5,0
919,20240225,25,0
919,20240226,54,0
919,20240227,119,0
919,20240228,0,0
919,20240229,0,0
919,20240301,45,0
919,20240302,3,0
919,20240303,1,0
919,20240304,1,0
919,20240305,1,0
919,20240306,5,0
919,20240307,0,0
919,20240308,0,0
919,20240309,0,0
919,20240310,0,0
919,20240311,92,0
919,20240312,134,0
919,20240313,52,0
919,20240314,0,0
919,20240315,0,0
919,20240316,43,0
919,20240317,0,0
919,20240318,9,0
919,20240319,0,0
919,20240320,0,0
919,20240321,0,0
919,20240322,0,0
919,20240323,112,0
919,20240324,52,0
919,20240325,9,0
919,20240326,0,0
919,20240327,0,0
919,20240328,25,0
919,20240329,34,0
919,20240330,9,0
919,20240331,5,0
919,20240401,103,0
919,20240402,0,0
919,20240403,53,0
919,20240404,67,0
919,20240405,15,0
919,20240406,3,0
919,20240407,0,0
919,20240408,15,0
919,20240409,32,0
919,20240410,2,0
919,20240411,1,0
919,20240412,6,0
919,20240413,0,0
919,20240414,0,0
919,20240415,10,0
919,20240416,123,0
919,20240417,73,0
919,20240418,83,0
919,20240419,53,0
919,20240420,10,0
919,20240421,7,0
919,20240422,2,0
919,20240423,3,0
919,20240424,5,0
919,20240425,29,0
919,20240426,19,0
919,20240427,3,0
919,20240428,20,0
919,20240429,7,0
919,20240430,26,0
919,20240501,6,0
919,20240502,0,0
919,20240503,295,0
919,20240504,31,0
919,20240505,61,0
919,20240506,0,0
919,20240507,186,0
919,20240508,0,0
919,20240509,0,0
919,20240510,0,0
919,20240511,0,0
919,20240512,0,0
919,20240513,0,0
919,20240514,4,0
919,20240515,136,0
919,20240516,126,0
919,20240517,114,0
919,20240518,131,0
919,20240519,104,0
919,20240520,70,0
919,20240521,3,0
919,20240522,178,0
919,20240523,0,0
919,20240524,1,0
919,20240525,389,0
919,20240526,16,0
919,20240527,25,0
919,20240528,75,0
919,20240529,116,0
919,20240530,2,0
919,20240531,5,0
919,20240601,35,0
919,20240602,3,0
919,20240603,0,0
919,20240604,0,0
919,20240605,3,0
919,20240606,0,0
919,20240607,0,0
919,20240608,0,0
919,20240609,0,0
919,20240610,26,0
919,20240611,57,0
919,20240612,5,0
919,20240613,1,0
919,20240614,2,0
919,20240615,35,0
919,20240616,17,0
919,20240617,7,0
919,20240618,118,0
919,20240619,192,0
919,20240620,2,0
919,20240621,6,0
919,20240622,85,0
919,20240623,0,0
919,20240624,0,0
919,20240625,0,0
